Model,Accuracy,F1-Score
BiGRU,0.8093915273251776,0.8041989028118866
CNN,0.7976387627544207,0.7915940168586553
Logistic Regression,0.7791548693840483,0.7690422685421914
SVM,0.7779795929269726,0.7682967343678847
LSTM,0.28532507078369573,0.12667674173364246
